{
  "intercept": 39589.04347826081,
  "coefficients": {
    "dayOfWeekSin": -138.08269593589512,
    "dayOfWeekCos": -1135.8717565931686,
    "isoWeekSin": -25876.29379015349,
    "isoWeekCos": -2958.753451872277,
    "monthSin": -1754.4711298688815,
    "monthCos": -1518.9198924824045,
    "dayOfMonthSin": -313.0093349088108,
    "dayOfMonthCos": 1082.4870720245838,
    "isWeekend": 409.36281073631244,
    "yearProgress": -32943.344658651375,
    "daysSinceStart": -32943.344584222556,
    "daysSinceStartSquared": 37335.574050730465,
    "logChecksCount": -12987.242925501303,
    "checksRollingMean7": 8213.237015756557,
    "checksRollingMean30": 7702.131344496362,
    "checksMomentum7": 19896.752910814794,
    "refundRate": -38.513571816046536,
    "revenueLag1": -130.4151565196136,
    "revenueLag7": -661.674140195916,
    "revenueLag14": 436.7714539406216,
    "revenueLag30": 487.39077568998954,
    "revenueRollingMean7": -1099.2026215514647,
    "revenueRollingMean14": -1283.3272109118116,
    "revenueRollingMean30": -3302.3589281132895,
    "revenueRollingStd7": 666.898107160306,
    "revenueRollingStd14": 754.6154335535272,
    "revenueMomentum7": 263.1412856644911,
    "revenueMomentum14": 164.39785009087984,
    "revenueMomentumTrend": 560.502655549478,
    "dowSeasonality": -1239.298862801229,
    "dowDeviation": 436.19779846012705,
    "monthSeasonality": 669.6138280691235,
    "monthDeviation": -445.8002847352347,
    "cumulativeMean": 4397.619276895244,
    "cumulativeTrend": -735.3942100136585
  },
  "featureOrder": [
    "dayOfWeekSin",
    "dayOfWeekCos",
    "isoWeekSin",
    "isoWeekCos",
    "monthSin",
    "monthCos",
    "dayOfMonthSin",
    "dayOfMonthCos",
    "isWeekend",
    "yearProgress",
    "daysSinceStart",
    "daysSinceStartSquared",
    "logChecksCount",
    "checksRollingMean7",
    "checksRollingMean30",
    "checksMomentum7",
    "refundRate",
    "revenueLag1",
    "revenueLag7",
    "revenueLag14",
    "revenueLag30",
    "revenueRollingMean7",
    "revenueRollingMean14",
    "revenueRollingMean30",
    "revenueRollingStd7",
    "revenueRollingStd14",
    "revenueMomentum7",
    "revenueMomentum14",
    "revenueMomentumTrend",
    "dowSeasonality",
    "dowDeviation",
    "monthSeasonality",
    "monthDeviation",
    "cumulativeMean",
    "cumulativeTrend"
  ],
  "normalization": {
    "mean": {
      "dayOfWeekSin": -0.005665445525130651,
      "dayOfWeekCos": -0.011764418854048856,
      "isoWeekSin": -0.48077515251871417,
      "isoWeekCos": -0.6136641421998098,
      "monthSin": -0.32957073995313874,
      "monthCos": -0.7035905711832015,
      "dayOfMonthSin": 0.06999947072017025,
      "dayOfMonthCos": -0.03904056814166257,
      "isWeekend": 0.2826086956521739,
      "yearProgress": 0.6068493150684933,
      "daysSinceStart": 68.5,
      "daysSinceStartSquared": 6279.166666666667,
      "logChecksCount": 4.498263898327949,
      "checksRollingMean7": 89.65508821676123,
      "checksRollingMean30": 87.85957026700603,
      "checksMomentum7": -0.0019800419196070187,
      "refundRate": 0.0003583144946781431,
      "revenueLag1": 39599.920604914936,
      "revenueLag7": 39528.46597353497,
      "revenueLag14": 39624.23629489603,
      "revenueLag30": 39559.40075614367,
      "revenueRollingMean7": 39562.072019683736,
      "revenueRollingMean14": 39527.69019490626,
      "revenueRollingMean30": 39434.74606239022,
      "revenueRollingStd7": 5997.804251827201,
      "revenueRollingStd14": 6119.248838447017,
      "revenueMomentum7": 37.848585231193866,
      "revenueMomentum14": 72.23041000867079,
      "revenueMomentumTrend": 127.32595729352012,
      "dowSeasonality": 39228.6201522521,
      "dowDeviation": 371.3004526628491,
      "monthSeasonality": 39655.92749560717,
      "monthDeviation": -56.00689069223275,
      "cumulativeMean": 39312.89739339234,
      "cumulativeTrend": 287.02321152258804
    },
    "std": {
      "dayOfWeekSin": 0.7090732373068674,
      "dayOfWeekCos": 0.7050139327071396,
      "isoWeekSin": 0.4840597864306748,
      "isoWeekCos": 0.3974389216715797,
      "monthSin": 0.5401346556251693,
      "monthCos": 0.323416124059263,
      "dayOfMonthSin": 0.7073736905320062,
      "dayOfMonthCos": 0.7022808341975464,
      "isWeekend": 0.4502677212436517,
      "yearProgress": 0.10914006201630846,
      "daysSinceStart": 39.83612263595275,
      "daysSinceStartSquared": 5639.074847782115,
      "logChecksCount": 0.22057969050430873,
      "checksRollingMean7": 9.056433071404221,
      "checksRollingMean30": 8.136883597389101,
      "checksMomentum7": 0.24352348058063594,
      "refundRate": 0.0020927010288396774,
      "revenueLag1": 6351.227445658732,
      "revenueLag7": 6310.979219122778,
      "revenueLag14": 6037.254447079914,
      "revenueLag30": 5830.2195350778,
      "revenueRollingMean7": 2169.54412312827,
      "revenueRollingMean14": 1429.0776160139135,
      "revenueRollingMean30": 1051.6215910805865,
      "revenueRollingStd7": 2398.5152076033396,
      "revenueRollingStd14": 1878.1739960131185,
      "revenueMomentum7": 5914.96785900759,
      "revenueMomentum14": 6117.342107663276,
      "revenueMomentumTrend": 1941.2278549557386,
      "dowSeasonality": 3031.2679350046706,
      "dowDeviation": 6713.354748784736,
      "monthSeasonality": 2651.101041878741,
      "monthDeviation": 5840.082087375067,
      "cumulativeMean": 858.0303444909514,
      "cumulativeTrend": 6257.306678843827
    }
  },
  "metadata": {
    "version": 2,
    "trainedAt": "2025-10-25T16:18:43.919Z",
    "trainingSamples": 138,
    "featuresUsed": 35,
    "lambda": 0.0001,
    "targetMean": 39589.04347826087,
    "targetStd": 6352.521973074904,
    "checksMean": 90.81884057971014,
    "metrics": {
      "mae": 2991.273454251291,
      "rmse": 3884.1776801710025,
      "r2": 0.6261427347702828
    }
  }
}