{
  "intercept": 39304.547169811245,
  "coefficients": {
    "dayOfWeekSin": 491.76350732071774,
    "dayOfWeekCos": -1139.2539155956938,
    "isoWeekSin": -18049.62546037432,
    "isoWeekCos": -8046.404988598197,
    "monthSin": -2259.3056737795714,
    "monthCos": -1542.594779647777,
    "dayOfMonthSin": -539.9089230212072,
    "dayOfMonthCos": 1011.381653215375,
    "isWeekend": 81.87899960741693,
    "yearProgress": -30222.276465462837,
    "daysSinceStart": -30222.27639734833,
    "daysSinceStartSquared": 45017.0088679118,
    "logChecksCount": -9785.73033615529,
    "checksRollingMean7": 6205.569618183626,
    "checksRollingMean30": 6646.25839852734,
    "checksMomentum7": 16105.499753790655,
    "refundRate": -59.33590563906536,
    "revenueLag1": -111.96617301557677,
    "revenueLag7": -621.0968458757777,
    "revenueLag14": 386.322058718476,
    "revenueLag30": 496.4137706412976,
    "revenueRollingMean7": -1068.3219313893874,
    "revenueRollingMean14": -1166.7704466310558,
    "revenueRollingMean30": -3203.818022789709,
    "revenueRollingStd7": 821.3495011305018,
    "revenueRollingStd14": 518.6375569549512,
    "revenueMomentum7": 293.54470275734224,
    "revenueMomentum14": 154.58804020704295,
    "revenueMomentumTrend": 412.9985884995271,
    "dowSeasonality": -1261.0929379983916,
    "dowDeviation": 457.91588696638956,
    "monthSeasonality": 551.3749890013622,
    "monthDeviation": -371.23694834826057,
    "cumulativeMean": 4571.221590204837,
    "cumulativeTrend": -709.1989330330896
  },
  "featureOrder": [
    "dayOfWeekSin",
    "dayOfWeekCos",
    "isoWeekSin",
    "isoWeekCos",
    "monthSin",
    "monthCos",
    "dayOfMonthSin",
    "dayOfMonthCos",
    "isWeekend",
    "yearProgress",
    "daysSinceStart",
    "daysSinceStartSquared",
    "logChecksCount",
    "checksRollingMean7",
    "checksRollingMean30",
    "checksMomentum7",
    "refundRate",
    "revenueLag1",
    "revenueLag7",
    "revenueLag14",
    "revenueLag30",
    "revenueRollingMean7",
    "revenueRollingMean14",
    "revenueRollingMean30",
    "revenueRollingStd7",
    "revenueRollingStd14",
    "revenueMomentum7",
    "revenueMomentum14",
    "revenueMomentumTrend",
    "dowSeasonality",
    "dowDeviation",
    "monthSeasonality",
    "monthDeviation",
    "cumulativeMean",
    "cumulativeTrend"
  ],
  "normalization": {
    "mean": {
      "dayOfWeekSin": -0.004917179135019056,
      "dayOfWeekCos": -0.010210627684646187,
      "isoWeekSin": -0.5345856725706982,
      "isoWeekCos": -0.47360157902701355,
      "monthSin": -0.4113771405270985,
      "monthCos": -0.5855062819074327,
      "dayOfMonthSin": 0.030615588752103736,
      "dayOfMonthCos": 0.009417140440720463,
      "isWeekend": 0.2830188679245283,
      "yearProgress": 0.6356164383561644,
      "daysSinceStart": 79,
      "daysSinceStartSquared": 8347.666666666666,
      "logChecksCount": 4.55761972791024,
      "checksRollingMean7": 95.52645041165864,
      "checksRollingMean30": 94.52223073448937,
      "checksMomentum7": -0.00621479023216977,
      "refundRate": 0.00029140907064886617,
      "revenueLag1": 39298.95312685416,
      "revenueLag7": 39451.137296784145,
      "revenueLag14": 39516.13622878842,
      "revenueLag30": 39513.386258454964,
      "revenueRollingMean7": 39391.37385162205,
      "revenueRollingMean14": 39439.80615823927,
      "revenueRollingMean30": 39384.46201447422,
      "revenueRollingStd7": 5834.176107653373,
      "revenueRollingStd14": 6064.5920010690525,
      "revenueMomentum7": -92.42072476789468,
      "revenueMomentum14": -140.85303138510685,
      "revenueMomentumTrend": 6.9118371478351195,
      "dowSeasonality": 39263.11439613694,
      "dowDeviation": 35.838730717215725,
      "monthSeasonality": 39467.64737618569,
      "monthDeviation": -168.6942493315427,
      "cumulativeMean": 39332.81556951961,
      "cumulativeTrend": -33.86244266546094
    },
    "std": {
      "dayOfWeekSin": 0.7088164248045903,
      "dayOfWeekCos": 0.7053019497767452,
      "isoWeekSin": 0.47190590593497045,
      "isoWeekCos": 0.5169376354735147,
      "monthSin": 0.5456647142038961,
      "monthCos": 0.43612069633469847,
      "dayOfMonthSin": 0.7131018217703439,
      "dayOfMonthCos": 0.7003283479762178,
      "isWeekend": 0.4504655240118235,
      "yearProgress": 0.12574914687166003,
      "daysSinceStart": 45.898438608156006,
      "daysSinceStartSquared": 7492.719191914835,
      "logChecksCount": 0.21526017588431906,
      "checksRollingMean7": 8.988624946734536,
      "checksRollingMean30": 8.202506352505809,
      "checksMomentum7": 0.24067137635283292,
      "refundRate": 0.0018361988510094541,
      "revenueLag1": 6230.703104686752,
      "revenueLag7": 6159.586167500384,
      "revenueLag14": 6072.024251511842,
      "revenueLag30": 5709.082148057826,
      "revenueRollingMean7": 2238.7413755858843,
      "revenueRollingMean14": 1389.946213024959,
      "revenueRollingMean30": 1000.2232042672833,
      "revenueRollingStd7": 2329.743409172666,
      "revenueRollingStd14": 1780.6293500579256,
      "revenueMomentum7": 5771.075062232989,
      "revenueMomentum14": 5977.954153146874,
      "revenueMomentumTrend": 1968.1341457093476,
      "dowSeasonality": 2957.8964589194597,
      "dowDeviation": 6622.514032914027,
      "monthSeasonality": 2574.496380673404,
      "monthDeviation": 5702.936989473486,
      "cumulativeMean": 801.7220431704587,
      "cumulativeTrend": 6151.2741741084365
    }
  },
  "metadata": {
    "version": 2,
    "trainedAt": "2025-11-09T10:52:07.849Z",
    "trainingSamples": 159,
    "featuresUsed": 35,
    "lambda": 0.0001,
    "targetMean": 39304.54716981132,
    "targetStd": 6231.104886728375,
    "checksMean": 96.32704402515724,
    "metrics": {
      "mae": 3043.921808724492,
      "rmse": 3899.1847696581744,
      "r2": 0.6084226999573668
    }
  }
}