{
  "intercept": 39573.58389261736,
  "coefficients": {
    "dayOfWeekSin": -17.452437525539533,
    "dayOfWeekCos": -1114.0023705557437,
    "isoWeekSin": -21613.18575500261,
    "isoWeekCos": -5006.871056690061,
    "monthSin": -2303.3274853707003,
    "monthCos": -2830.5182724667193,
    "dayOfMonthSin": -278.87403447560354,
    "dayOfMonthCos": 1222.0463319035105,
    "isWeekend": 316.271774921511,
    "yearProgress": -32409.558802043557,
    "daysSinceStart": -32409.55879388398,
    "daysSinceStartSquared": 43770.27886453627,
    "logChecksCount": -11336.86425681626,
    "checksRollingMean7": 7167.286646924946,
    "checksRollingMean30": 7470.3701165003795,
    "checksMomentum7": 17946.677061393217,
    "refundRate": -64.63513114910656,
    "revenueLag1": -115.1186987172668,
    "revenueLag7": -757.3123047554649,
    "revenueLag14": 456.3160230567889,
    "revenueLag30": 420.69906647289685,
    "revenueRollingMean7": -899.8405092802534,
    "revenueRollingMean14": -1096.8722040327673,
    "revenueRollingMean30": -2966.418463381512,
    "revenueRollingStd7": 662.3268311263575,
    "revenueRollingStd14": 688.5574312859377,
    "revenueMomentum7": 203.33623427983014,
    "revenueMomentum14": 130.92833963722356,
    "revenueMomentumTrend": 574.6881619945332,
    "dowSeasonality": -1122.1719744410975,
    "dowDeviation": 397.2972431098116,
    "monthSeasonality": 448.3112917781421,
    "monthDeviation": -322.28359992236733,
    "cumulativeMean": 3757.234951096716,
    "cumulativeTrend": -618.5064578849782
  },
  "featureOrder": [
    "dayOfWeekSin",
    "dayOfWeekCos",
    "isoWeekSin",
    "isoWeekCos",
    "monthSin",
    "monthCos",
    "dayOfMonthSin",
    "dayOfMonthCos",
    "isWeekend",
    "yearProgress",
    "daysSinceStart",
    "daysSinceStartSquared",
    "logChecksCount",
    "checksRollingMean7",
    "checksRollingMean30",
    "checksMomentum7",
    "refundRate",
    "revenueLag1",
    "revenueLag7",
    "revenueLag14",
    "revenueLag30",
    "revenueRollingMean7",
    "revenueRollingMean14",
    "revenueRollingMean30",
    "revenueRollingStd7",
    "revenueRollingStd14",
    "revenueMomentum7",
    "revenueMomentum14",
    "revenueMomentumTrend",
    "dowSeasonality",
    "dowDeviation",
    "monthSeasonality",
    "monthDeviation",
    "cumulativeMean",
    "cumulativeTrend"
  ],
  "normalization": {
    "mean": {
      "dayOfWeekSin": 0.009455111753687125,
      "dayOfWeekCos": -0.007540200012474782,
      "isoWeekSin": -0.5135529841662161,
      "isoWeekCos": -0.540737800227229,
      "monthSin": -0.3790655175404909,
      "monthCos": -0.6516476431092738,
      "dayOfMonthSin": 0.005348677149601611,
      "dayOfMonthCos": -0.039175017292820254,
      "isWeekend": 0.28187919463087246,
      "yearProgress": 0.6219178082191781,
      "daysSinceStart": 74,
      "daysSinceStartSquared": 7326,
      "logChecksCount": 4.502277668422928,
      "checksRollingMean7": 90.27039590666233,
      "checksRollingMean30": 88.58346365406068,
      "checksMomentum7": -0.004933618151820603,
      "refundRate": 0.0003318617467488842,
      "revenueLag1": 39590.326066393405,
      "revenueLag7": 39488.49051844511,
      "revenueLag14": 39549.87365433989,
      "revenueLag30": 39518.80212603036,
      "revenueRollingMean7": 39568.59861353306,
      "revenueRollingMean14": 39518.64622356658,
      "revenueRollingMean30": 39425.14673618036,
      "revenueRollingStd7": 5968.059609891481,
      "revenueRollingStd14": 6126.605004147837,
      "revenueMomentum7": 21.72745286033868,
      "revenueMomentum14": 71.67984282682266,
      "revenueMomentumTrend": 143.45187735270736,
      "dowSeasonality": 39246.29877796224,
      "dowDeviation": 344.0272884311752,
      "monthSeasonality": 39620.541056938164,
      "monthDeviation": -30.214990544766042,
      "cumulativeMean": 39328.97744720948,
      "cumulativeTrend": 261.34861918391226
    },
    "std": {
      "dayOfWeekSin": 0.7077017300157183,
      "dayOfWeekCos": 0.7064078195902538,
      "isoWeekSin": 0.4801505595496846,
      "isoWeekCos": 0.4618673013144753,
      "monthSin": 0.5485801727140539,
      "monthCos": 0.36155840018855456,
      "dayOfMonthSin": 0.7197041545389726,
      "dayOfMonthCos": 0.6931541239956659,
      "isWeekend": 0.44991478555958037,
      "yearProgress": 0.11784007215126896,
      "daysSinceStart": 43.01162633521314,
      "daysSinceStartSquared": 6577.23574155587,
      "logChecksCount": 0.21726737387006267,
      "checksRollingMean7": 9.01638433067001,
      "checksRollingMean30": 8.240151807597902,
      "checksMomentum7": 0.23971831145785694,
      "refundRate": 0.002016151040798635,
      "revenueLag1": 6287.443891511573,
      "revenueLag7": 6236.540375466175,
      "revenueLag14": 6096.987198235337,
      "revenueLag30": 5710.349907123529,
      "revenueRollingMean7": 2131.979811756715,
      "revenueRollingMean14": 1383.4823469793346,
      "revenueRollingMean30": 1015.6050251802299,
      "revenueRollingStd7": 2339.4893679026386,
      "revenueRollingStd14": 1816.6933940572449,
      "revenueMomentum7": 5875.192144871627,
      "revenueMomentum14": 6062.102397782111,
      "revenueMomentumTrend": 1904.1068888291825,
      "dowSeasonality": 2995.7915533842934,
      "dowDeviation": 6639.842124911093,
      "monthSeasonality": 2556.242948741841,
      "monthDeviation": 5801.706660817627,
      "cumulativeMean": 827.8237497389738,
      "cumulativeTrend": 6199.01472726995
    }
  },
  "metadata": {
    "version": 2,
    "trainedAt": "2025-10-29T19:59:32.460Z",
    "trainingSamples": 149,
    "featuresUsed": 35,
    "lambda": 0.0001,
    "targetMean": 39573.58389261745,
    "targetStd": 6290.786576122079,
    "checksMean": 91.13422818791946,
    "metrics": {
      "mae": 2953.528287358033,
      "rmse": 3803.8572767903233,
      "r2": 0.6343727766348428
    }
  }
}
