{
  "intercept": 39464.12582781441,
  "coefficients": {
    "dayOfWeekSin": 322.4020156848993,
    "dayOfWeekCos": -1208.5080003508929,
    "isoWeekSin": -19078.598755985367,
    "isoWeekCos": -5624.070064119347,
    "monthSin": -2820.2525776231796,
    "monthCos": -2048.454303919539,
    "dayOfMonthSin": -532.9648037837719,
    "dayOfMonthCos": 995.3661421189541,
    "isWeekend": 150.7586931972988,
    "yearProgress": -29914.016701283756,
    "daysSinceStart": -29914.016705301412,
    "daysSinceStartSquared": 40538.18941659766,
    "logChecksCount": -11385.863886611924,
    "checksRollingMean7": 6872.309879307492,
    "checksRollingMean30": 7261.13194594733,
    "checksMomentum7": 18081.9336284831,
    "refundRate": -34.373460241792934,
    "revenueLag1": -117.22089162257234,
    "revenueLag7": -799.102819026298,
    "revenueLag14": 430.73589679027276,
    "revenueLag30": 436.9500945301597,
    "revenueRollingMean7": -967.683666619221,
    "revenueRollingMean14": -1156.6970198448653,
    "revenueRollingMean30": -3007.310017435238,
    "revenueRollingStd7": 858.5564424966078,
    "revenueRollingStd14": 483.0324395007819,
    "revenueMomentum7": 224.21500795912118,
    "revenueMomentum14": 140.99972061187117,
    "revenueMomentumTrend": 517.8878815926544,
    "dowSeasonality": -1245.0409239993253,
    "dowDeviation": 447.7836080882155,
    "monthSeasonality": 459.58510151543345,
    "monthDeviation": -328.2584663304926,
    "cumulativeMean": 4372.326725185083,
    "cumulativeTrend": -699.1542357638904
  },
  "featureOrder": [
    "dayOfWeekSin",
    "dayOfWeekCos",
    "isoWeekSin",
    "isoWeekCos",
    "monthSin",
    "monthCos",
    "dayOfMonthSin",
    "dayOfMonthCos",
    "isWeekend",
    "yearProgress",
    "daysSinceStart",
    "daysSinceStartSquared",
    "logChecksCount",
    "checksRollingMean7",
    "checksRollingMean30",
    "checksMomentum7",
    "refundRate",
    "revenueLag1",
    "revenueLag7",
    "revenueLag14",
    "revenueLag30",
    "revenueRollingMean7",
    "revenueRollingMean14",
    "revenueRollingMean30",
    "revenueRollingStd7",
    "revenueRollingStd14",
    "revenueMomentum7",
    "revenueMomentum14",
    "revenueMomentumTrend",
    "dowSeasonality",
    "dowDeviation",
    "monthSeasonality",
    "monthDeviation",
    "cumulativeMean",
    "cumulativeTrend"
  ],
  "normalization": {
    "mean": {
      "dayOfWeekSin": 7.352470361756004e-19,
      "dayOfWeekCos": -0.014880659627268056,
      "isoWeekSin": -0.5184788522653816,
      "isoWeekCos": -0.52742043635609,
      "monthSin": -0.38728981532141155,
      "monthCos": -0.6430165484985549,
      "dayOfMonthSin": 0.0013331027820441073,
      "dayOfMonthCos": -0.026083376316274793,
      "isWeekend": 0.2781456953642384,
      "yearProgress": 0.6246575342465753,
      "daysSinceStart": 75,
      "daysSinceStartSquared": 7525,
      "logChecksCount": 4.55778965114962,
      "checksRollingMean7": 95.69676236004683,
      "checksRollingMean30": 94.19654492010102,
      "checksMomentum7": -0.007553941286071341,
      "refundRate": 0.000306847961809071,
      "revenueLag1": 39520.13328362791,
      "revenueLag7": 39549.052190693394,
      "revenueLag14": 39587.40239463182,
      "revenueLag30": 39594.66738300952,
      "revenueRollingMean7": 39577.46655388966,
      "revenueRollingMean14": 39517.038604282236,
      "revenueRollingMean30": 39425.847719377954,
      "revenueRollingStd7": 5940.984678756737,
      "revenueRollingStd14": 6117.399194935301,
      "revenueMomentum7": -57.333270261747195,
      "revenueMomentum14": 3.0946793456726946,
      "revenueMomentumTrend": 151.61883451170655,
      "dowSeasonality": 39274.70112169126,
      "dowDeviation": 245.43216193665944,
      "monthSeasonality": 39616.24747426745,
      "monthDeviation": -96.11419063955258,
      "cumulativeMean": 39331.14087502446,
      "cumulativeTrend": 188.99240860343582
    },
    "std": {
      "dayOfWeekSin": 0.7084049757793195,
      "dayOfWeekCos": 0.7056493153544183,
      "isoWeekSin": 0.4788514077022602,
      "isoWeekCos": 0.47297853271484513,
      "monthSin": 0.5495392196333164,
      "monthCos": 0.36680098608116923,
      "dayOfMonthSin": 0.7158478896372473,
      "dayOfMonthCos": 0.6977676398478331,
      "isWeekend": 0.44808555825264296,
      "yearProgress": 0.1194218888641281,
      "daysSinceStart": 43.58898943540674,
      "daysSinceStartSquared": 6755.562152774556,
      "logChecksCount": 0.21879263500431717,
      "checksRollingMean7": 9.162498960145602,
      "checksRollingMean30": 8.289060585829384,
      "checksMomentum7": 0.2443250140745719,
      "refundRate": 0.0018829546016555223,
      "revenueLag1": 6282.263882682748,
      "revenueLag7": 6227.3954708816755,
      "revenueLag14": 6071.805873518901,
      "revenueLag30": 5749.056251236811,
      "revenueRollingMean7": 2123.174546814103,
      "revenueRollingMean14": 1374.9836360810764,
      "revenueRollingMean30": 1009.5075930467603,
      "revenueRollingStd7": 2335.9860997635037,
      "revenueRollingStd14": 1806.5074044641083,
      "revenueMomentum7": 5878.949806071013,
      "revenueMomentum14": 6056.940461948768,
      "revenueMomentumTrend": 1894.8907665672043,
      "dowSeasonality": 2986.6558154039576,
      "dowDeviation": 6659.681307342051,
      "monthSeasonality": 2539.5173510699256,
      "monthDeviation": 5798.896738721864,
      "cumulativeMean": 822.5415858062144,
      "cumulativeTrend": 6197.249392813729
    }
  },
  "metadata": {
    "version": 2,
    "trainedAt": "2025-11-05T16:43:43.861Z",
    "trainingSamples": 151,
    "featuresUsed": 35,
    "lambda": 0.0001,
    "targetMean": 39464.12582781457,
    "targetStd": 6320.097976129481,
    "checksMean": 96.40397350993378,
    "metrics": {
      "mae": 3062.8119950376163,
      "rmse": 3922.439879111627,
      "r2": 0.614818899559537
    }
  }
}